"Data","Último","Abertura","Máxima","Mínima","Vol.","Var%"
"03.12.2021","15,17","15,01","15,93","15,01","8,16M","0,86%"
"02.12.2021","15,04","15,05","15,21","14,58","8,24M","1,62%"
"01.12.2021","14,80","16,19","16,73","14,80","11,25M","-7,50%"
"30.11.2021","16,00","15,31","16,00","14,86","11,24M","2,56%"
"29.11.2021","15,60","15,67","15,77","15,10","12,06M","3,45%"
"26.11.2021","15,08","15,75","15,99","14,72","22,65M","-11,81%"
"25.11.2021","17,10","15,51","17,10","15,47","8,54M","9,69%"
"24.11.2021","15,59","15,53","16,18","15,11","8,02M","-0,32%"
"23.11.2021","15,64","16,40","16,51","15,24","7,17M","-3,46%"
"22.11.2021","16,20","16,89","17,27","16,17","4,78M","-3,05%"
"19.11.2021","16,71","16,56","16,96","16,25","3,99M","0,36%"
"18.11.2021","16,65","16,99","17,50","16,49","4,76M","-1,65%"
"17.11.2021","16,93","17,07","17,37","16,47","7,19M","0,36%"
"16.11.2021","16,87","17,69","17,80","16,73","4,91M","-3,87%"
"12.11.2021","17,55","17,99","18,33","17,44","4,97M","-2,99%"
"11.11.2021","18,09","17,60","18,79","17,49","9,80M","4,33%"
"10.11.2021","17,34","17,47","17,77","17,03","5,54M","-1,31%"
"09.11.2021","17,57","18,25","18,35","17,50","7,27M","-3,41%"
"08.11.2021","18,19","18,15","18,62","17,91","5,45M","-0,60%"
"05.11.2021","18,30","17,41","18,50","17,41","7,49M","8,16%"
"04.11.2021","16,92","17,34","17,60","16,72","6,34M","-3,59%"
"03.11.2021","17,55","16,23","17,60","16,10","8,33M","6,69%"
"01.11.2021","16,45","15,53","16,53","15,53","6,00M","8,37%"
"29.10.2021","15,18","15,90","15,94","15,18","4,77M","-3,56%"
"28.10.2021","15,74","15,89","16,35","15,67","5,04M","-0,94%"
"27.10.2021","15,89","16,33","16,65","15,89","6,83M","-1,79%"
"26.10.2021","16,18","16,95","17,18","16,16","5,51M","-5,93%"
"25.10.2021","17,20","17,25","17,78","17,16","7,20M","0,70%"
"22.10.2021","17,08","17,47","17,76","16,26","15,11M","-4,15%"
"21.10.2021","17,82","17,65","18,35","17,43","6,58M","-1,66%"
"20.10.2021","18,12","19,04","19,21","18,10","6,31M","-3,62%"
"19.10.2021","18,80","19,99","20,05","18,73","9,33M","-7,39%"
"18.10.2021","20,30","20,35","20,49","19,91","5,06M","-1,46%"
"15.10.2021","20,60","20,26","20,82","20,02","3,43M","2,69%"
"14.10.2021","20,06","20,18","20,55","19,95","3,41M","0,25%"
"13.10.2021","20,01","20,03","20,32","19,87","4,40M","0,00%"
"11.10.2021","20,01","20,15","20,26","19,60","5,27M","-0,35%"
"08.10.2021","20,08","20,17","20,77","20,03","4,94M","0,55%"
"07.10.2021","19,97","20,45","20,69","19,92","4,53M","-1,87%"
"06.10.2021","20,35","19,30","20,41","19,22","7,72M","0,89%"
"05.10.2021","20,17","21,01","21,08","20,05","3,73M","-3,17%"
"04.10.2021","20,83","21,58","21,69","20,71","4,48M","-4,58%"
"01.10.2021","21,83","20,77","21,88","20,71","5,72M","5,41%"
"30.09.2021","20,71","21,05","21,14","20,37","3,64M","-0,91%"
"29.09.2021","20,90","21,03","21,40","20,67","3,14M","0,10%"
"28.09.2021","20,88","21,24","21,53","20,72","4,48M","-3,02%"
"27.09.2021","21,53","21,77","22,22","21,30","5,40M","-1,64%"
"24.09.2021","21,89","21,25","21,89","21,10","4,47M","1,77%"
"23.09.2021","21,51","20,80","21,70","20,80","6,73M","3,76%"
"22.09.2021","20,73","19,80","21,14","19,57","9,56M","5,77%"
"21.09.2021","19,60","19,18","19,75","19,10","5,61M","3,87%"
"20.09.2021","18,87","18,38","18,97","18,30","7,16M","-1,36%"
"17.09.2021","19,13","19,84","20,16","19,10","6,38M","-4,11%"
"16.09.2021","19,95","19,60","20,26","19,42","4,83M","0,86%"
"15.09.2021","19,78","20,65","20,65","19,68","10,10M","2,59%"
"14.09.2021","19,28","19,49","19,69","19,06","3,58M","-1,18%"
"13.09.2021","19,51","19,52","19,86","19,06","5,39M","2,47%"
"10.09.2021","19,04","20,20","20,48","18,88","6,63M","-3,40%"
"09.09.2021","19,71","18,99","19,95","18,94","6,86M","4,07%"
"08.09.2021","18,94","19,37","19,99","18,88","8,39M","-2,77%"
"06.09.2021","19,48","18,88","19,48","18,72","2,16M","2,36%"
"03.09.2021","19,03","19,70","19,74","18,95","4,72M","-2,26%"
"02.09.2021","19,47","19,71","20,11","19,36","7,47M","-1,12%"
"01.09.2021","19,69","19,99","20,05","19,69","3,66M","-1,35%"
"31.08.2021","19,96","19,96","20,13","19,62","6,30M","-0,84%"
"30.08.2021","20,13","20,71","20,74","20,00","4,43M","-3,13%"
"27.08.2021","20,78","20,30","21,00","20,20","5,71M","3,02%"
"26.08.2021","20,17","20,48","20,87","20,08","4,50M","-2,18%"
"25.08.2021","20,62","20,31","20,71","20,11","6,45M","0,39%"
"24.08.2021","20,54","18,75","20,54","18,75","14,42M","10,97%"
"23.08.2021","18,51","18,50","18,72","18,09","6,25M","1,70%"
"20.08.2021","18,20","17,25","18,20","17,11","7,50M","3,00%"
"19.08.2021","17,67","16,70","17,75","16,60","6,75M","2,55%"
"18.08.2021","17,23","17,11","17,63","16,76","6,68M","1,06%"
"17.08.2021","17,05","17,33","17,33","16,92","6,06M","-2,29%"
"16.08.2021","17,45","18,22","18,22","17,35","6,25M","-5,11%"
"13.08.2021","18,39","18,86","19,03","18,36","4,39M","-1,97%"
"12.08.2021","18,76","19,49","19,56","18,76","6,23M","-3,99%"
"11.08.2021","19,54","19,61","19,78","19,42","5,13M","-0,71%"
"10.08.2021","19,68","19,97","20,22","19,61","7,30M","-1,30%"
"09.08.2021","19,94","19,85","20,17","19,65","5,35M","-0,80%"
"06.08.2021","20,10","20,03","20,35","19,82","3,59M","0,40%"
"05.08.2021","20,02","20,01","20,42","19,97","5,57M","0,30%"
"04.08.2021","19,96","20,42","20,70","19,89","6,74M","-1,29%"
"03.08.2021","20,22","20,19","20,32","19,50","5,49M","-0,59%"
"02.08.2021","20,34","20,94","21,03","20,28","5,65M","-1,26%"
"30.07.2021","20,60","21,20","21,24","20,60","4,94M","-3,74%"
"29.07.2021","21,40","22,05","22,36","21,31","5,73M","-2,28%"
"28.07.2021","21,90","21,43","21,91","21,33","5,52M","2,82%"
"27.07.2021","21,30","21,75","21,78","21,12","5,24M","-2,61%"
"26.07.2021","21,87","21,22","21,91","21,10","4,54M","3,06%"
"23.07.2021","21,22","21,43","21,85","21,18","4,33M","-1,03%"
"22.07.2021","21,44","21,66","21,76","21,31","3,56M","-1,02%"
"21.07.2021","21,66","21,60","21,81","21,24","4,49M","0,60%"
"20.07.2021","21,53","20,92","21,68","20,61","5,94M","3,51%"
"19.07.2021","20,80","21,00","21,13","20,47","8,09M","-3,61%"
"16.07.2021","21,58","22,23","22,40","21,46","6,09M","-2,49%"
"15.07.2021","22,13","22,43","22,55","22,04","4,81M","-2,04%"
"14.07.2021","22,59","22,40","23,02","22,40","5,83M","1,53%"
"13.07.2021","22,25","22,20","22,36","21,98","4,21M","-0,27%"
"12.07.2021","22,31","22,20","22,49","21,97","7,63M","1,32%"
"08.07.2021","22,02","22,01","22,34","21,90","7,74M","-3,25%"
"07.07.2021","22,76","22,89","22,92","22,20","6,65M","0,57%"
"06.07.2021","22,63","23,40","23,41","22,51","8,35M","-3,25%"
"05.07.2021","23,39","23,44","23,54","23,16","2,67M","-0,26%"
"02.07.2021","23,45","22,99","23,72","22,95","6,65M","3,08%"
"01.07.2021","22,75","23,24","23,27","22,48","5,91M","-0,91%"
"30.06.2021","22,96","23,10","23,30","22,84","6,47M","-1,33%"
"29.06.2021","23,27","23,55","23,70","23,00","5,63M","-1,65%"
"28.06.2021","23,66","23,78","24,11","23,51","5,68M","-1,42%"
"25.06.2021","24,00","24,90","24,93","23,82","5,97M","-3,15%"
"24.06.2021","24,78","25,18","25,30","24,69","4,00M","-0,80%"
"23.06.2021","24,98","24,84","25,26","24,52","6,05M","0,64%"
"22.06.2021","24,82","25,46","25,46","24,65","5,05M","-2,48%"
"21.06.2021","25,45","25,05","25,46","24,78","6,36M","2,21%"
"18.06.2021","24,90","24,50","24,90","24,29","4,66M","1,22%"
"17.06.2021","24,60","24,99","25,11","24,45","6,42M","-2,03%"
"16.06.2021","25,11","25,20","25,70","24,81","8,95M","-0,48%"
"15.06.2021","25,23","25,74","25,91","25,08","6,48M","-1,83%"
"14.06.2021","25,70","26,07","26,15","25,66","5,28M","-0,35%"
"11.06.2021","25,79","26,33","26,50","25,61","7,06M","-1,75%"
"10.06.2021","26,25","27,64","27,68","26,07","11,87M","-4,37%"
"09.06.2021","27,45","27,98","28,75","27,12","12,53M","0,92%"
"08.06.2021","27,20","27,55","27,77","27,05","5,71M","-1,16%"
"07.06.2021","27,52","27,14","28,07","27,10","11,73M","3,93%"
"04.06.2021","26,48","27,00","27,15","26,41","7,93M","-2,03%"
"02.06.2021","27,03","26,50","27,21","26,19","5,76M","2,19%"
"01.06.2021","26,45","27,40","27,51","26,37","7,59M","-1,34%"
"31.05.2021","26,81","26,78","26,87","26,42","2,41M","0,83%"
"28.05.2021","26,59","27,38","27,38","26,35","7,03M","-3,03%"
"27.05.2021","27,42","27,66","27,75","26,81","6,87M","-0,62%"
"26.05.2021","27,59","25,91","27,75","25,91","16,10M","7,15%"
"25.05.2021","25,75","25,21","26,13","25,19","7,48M","2,88%"
"24.05.2021","25,03","25,68","25,75","24,91","5,40M","-1,84%"
"21.05.2021","25,50","26,07","26,23","25,45","5,21M","-1,70%"
"20.05.2021","25,94","25,98","26,52","25,73","4,47M","0,12%"
"19.05.2021","25,91","25,31","26,03","25,24","5,07M","1,25%"
"18.05.2021","25,59","25,53","25,95","25,15","4,40M","1,43%"
"17.05.2021","25,23","25,50","25,58","24,89","4,02M","-0,63%"
"14.05.2021","25,39","24,50","25,48","24,21","7,79M","5,40%"
"13.05.2021","24,09","24,19","24,66","23,80","5,07M","0,42%"
"12.05.2021","23,99","24,70","24,83","23,90","6,05M","-3,81%"
"11.05.2021","24,94","24,80","25,20","24,46","6,46M","-1,54%"
"10.05.2021","25,33","25,20","25,43","24,92","4,81M","1,52%"
"07.05.2021","24,95","24,04","25,10","23,95","8,86M","4,35%"
"06.05.2021","23,91","24,12","24,58","23,53","6,21M","-1,16%"
"05.05.2021","24,19","23,49","24,35","22,87","8,18M","4,40%"
"04.05.2021","23,17","23,37","23,53","22,78","4,99M","-1,15%"
"03.05.2021","23,44","23,67","23,78","23,04","5,70M","-0,04%"
"30.04.2021","23,45","23,76","24,37","23,40","6,20M","-1,64%"
"29.04.2021","23,84","24,08","24,95","23,41","9,89M","-1,24%"
"28.04.2021","24,14","24,07","24,36","23,76","5,19M","1,22%"
"27.04.2021","23,85","24,32","24,52","23,71","5,30M","-1,53%"
"26.04.2021","24,22","24,30","24,75","24,05","9,29M","0,83%"
"23.04.2021","24,02","23,24","24,15","22,98","10,29M","4,12%"
"22.04.2021","23,07","22,64","23,37","22,42","11,12M","3,83%"
"20.04.2021","22,22","23,18","23,28","22,05","10,21M","-3,93%"
"19.04.2021","23,13","22,77","23,53","22,59","6,21M","1,63%"
"16.04.2021","22,76","22,99","23,06","22,70","4,23M","-0,87%"
"15.04.2021","22,96","23,05","23,27","22,75","5,38M","0,31%"
"14.04.2021","22,89","23,20","23,56","22,84","8,00M","-1,25%"
"13.04.2021","23,18","23,32","23,32","22,51","6,06M","-0,17%"
"12.04.2021","23,22","23,38","23,65","22,77","7,20M","-0,51%"
"09.04.2021","23,34","23,06","23,80","22,60","7,27M","0,21%"
"08.04.2021","23,29","22,50","23,33","22,35","6,72M","4,07%"
"07.04.2021","22,38","22,55","22,96","22,23","6,34M","-0,67%"
"06.04.2021","22,53","22,35","22,93","22,05","6,75M","-0,31%"
"05.04.2021","22,60","22,21","22,62","21,97","7,81M","4,24%"
"01.04.2021","21,68","21,76","22,25","21,64","7,19M","0,79%"
"31.03.2021","21,51","22,36","22,36","21,44","9,34M","-3,67%"
"30.03.2021","22,33","20,53","22,44","20,50","14,40M","8,56%"
"29.03.2021","20,57","20,51","21,30","20,43","9,13M","-0,44%"
"26.03.2021","20,66","21,27","21,45","20,32","9,58M","-1,67%"
"25.03.2021","21,01","21,15","21,20","19,95","12,50M","1,01%"
"24.03.2021","20,80","20,79","22,10","20,51","18,05M","2,46%"
"23.03.2021","20,30","20,20","21,27","19,85","13,58M","-1,98%"
"22.03.2021","20,71","21,11","21,34","20,66","8,73M","-3,63%"
"19.03.2021","21,49","21,35","21,75","20,95","10,98M","0,61%"
"18.03.2021","21,36","22,81","22,85","21,19","14,15M","-7,53%"
"17.03.2021","23,10","22,42","23,25","22,41","6,60M","2,48%"
"16.03.2021","22,54","24,07","24,14","22,40","7,59M","-6,36%"
"15.03.2021","24,07","22,43","24,31","22,39","9,69M","5,66%"
"12.03.2021","22,78","22,74","22,99","22,10","5,95M","-1,09%"
"11.03.2021","23,03","21,85","23,08","21,55","9,14M","7,17%"
"10.03.2021","21,49","19,71","21,49","19,50","10,71M","9,92%"
"09.03.2021","19,55","19,78","20,11","19,10","7,70M","-0,15%"
"08.03.2021","19,58","19,98","21,32","19,29","11,70M","-4,25%"
"05.03.2021","20,45","19,30","20,60","18,83","12,01M","5,03%"
"04.03.2021","19,47","20,23","20,99","19,31","15,58M","-5,02%"
"03.03.2021","20,50","20,59","20,95","19,60","10,05M","-1,16%"
"02.03.2021","20,74","21,19","21,19","20,24","8,62M","-2,95%"
"01.03.2021","21,37","22,03","22,31","21,25","6,17M","-1,20%"
"26.02.2021","21,63","22,58","22,67","21,50","5,85M","-3,91%"
"25.02.2021","22,51","23,55","23,74","22,21","5,70M","-4,66%"
"24.02.2021","23,61","23,01","23,77","22,76","7,66M","3,42%"
"23.02.2021","22,83","22,93","23,11","22,05","5,93M","1,11%"
"22.02.2021","22,58","23,00","23,30","22,40","7,28M","-5,09%"
"19.02.2021","23,79","23,52","24,14","23,41","4,63M","0,93%"
"18.02.2021","23,57","24,20","24,35","23,43","4,72M","-2,72%"
"17.02.2021","24,23","24,22","24,46","23,87","2,93M","0,37%"
"12.02.2021","24,14","23,70","24,35","23,54","4,66M","0,12%"
"11.02.2021","24,11","24,43","24,92","23,93","6,59M","-0,62%"
"10.02.2021","24,26","25,00","25,12","24,02","5,35M","-2,96%"
"09.02.2021","25,00","25,58","25,73","24,65","7,56M","-2,95%"
"08.02.2021","25,76","25,02","26,20","24,92","8,46M","2,67%"
"05.02.2021","25,09","25,59","25,59","24,85","5,64M","-0,55%"
"04.02.2021","25,23","25,25","25,68","25,05","5,62M","0,92%"
"03.02.2021","25,00","25,37","25,66","24,90","6,13M","-1,46%"
"02.02.2021","25,37","25,35","25,70","24,62","9,62M","2,22%"
"01.02.2021","24,82","24,50","25,14","23,92","8,47M","3,63%"
"29.01.2021","23,95","24,24","25,20","23,44","10,21M","-2,68%"
"28.01.2021","24,61","23,30","25,76","23,30","24,59M","6,81%"
"27.01.2021","23,04","22,11","23,45","22,05","8,78M","3,74%"
"26.01.2021","22,21","22,82","23,04","22,06","6,41M","-3,22%"
"22.01.2021","22,95","22,04","23,12","21,72","6,52M","0,83%"
"21.01.2021","22,76","23,13","23,25","22,41","5,81M","-2,02%"
"20.01.2021","23,23","23,46","23,70","22,53","6,39M","-0,04%"
"19.01.2021","23,24","24,09","24,28","23,03","6,86M","-2,31%"
"18.01.2021","23,79","24,01","24,94","23,58","8,91M","1,02%"
"15.01.2021","23,55","23,75","24,14","23,24","7,26M","-2,69%"
"14.01.2021","24,20","23,36","24,50","23,36","11,56M","4,49%"
"13.01.2021","23,16","24,27","24,40","23,05","8,62M","-4,61%"
"12.01.2021","24,28","23,61","24,43","23,31","7,71M","3,94%"
"11.01.2021","23,36","23,19","23,87","23,09","6,62M","-0,64%"
"08.01.2021","23,51","23,75","24,05","23,22","6,12M","0,47%"
"07.01.2021","23,40","23,32","24,05","23,15","6,25M","0,73%"
"06.01.2021","23,23","23,78","24,26","23,07","7,86M","-3,01%"
"05.01.2021","23,95","23,78","24,36","23,35","7,49M","-0,04%"
"04.01.2021","23,96","25,21","25,37","23,63","9,65M","-3,93%"
"30.12.2020","24,94","24,58","25,47","24,45","7,27M","1,88%"
"29.12.2020","24,48","24,40","24,98","24,15","5,42M","0,95%"
"28.12.2020","24,25","25,24","25,30","24,12","6,78M","-1,18%"
"23.12.2020","24,54","23,43","24,97","23,33","12,87M","5,32%"
"22.12.2020","23,30","24,17","24,29","22,86","9,23M","-2,71%"
"21.12.2020","23,95","22,97","24,52","22,82","13,54M","-4,77%"
"18.12.2020","25,15","26,22","26,44","25,02","9,09M","-4,04%"
"17.12.2020","26,21","26,70","26,98","26,07","6,60M","-1,76%"
"16.12.2020","26,68","27,30","27,36","26,32","6,85M","-1,22%"
"15.12.2020","27,01","26,66","27,19","26,11","8,44M","2,00%"
"14.12.2020","26,48","27,53","27,64","26,28","7,42M","-2,11%"
"11.12.2020","27,05","26,78","27,56","26,60","8,04M","-0,95%"
"10.12.2020","27,31","27,32","27,75","26,44","7,96M","0,00%"
"09.12.2020","27,31","28,18","28,50","26,89","8,85M","-1,37%"
"08.12.2020","27,69","28,05","29,03","27,54","11,72M","-0,89%"
"07.12.2020","27,94","27,61","28,81","27,50","16,70M","3,29%"
"04.12.2020","27,05","28,13","28,61","26,66","13,06M","-1,13%"
"03.12.2020","27,36","25,60","27,83","25,53","17,04M","8,79%"
"02.12.2020","25,15","24,00","25,41","23,70","13,03M","5,36%"
"01.12.2020","23,87","24,38","24,60","23,51","12,50M","1,49%"
"30.11.2020","23,52","22,90","24,77","22,86","18,68M","2,44%"
"27.11.2020","22,96","23,31","23,61","22,85","7,62M","-1,20%"
"26.11.2020","23,24","23,44","23,66","22,82","11,45M","-1,36%"
"25.11.2020","23,56","23,35","23,73","23,03","8,52M","0,38%"
"24.11.2020","23,47","23,05","23,59","22,57","12,19M","3,35%"
"23.11.2020","22,71","22,70","23,26","22,40","11,99M","2,67%"
"20.11.2020","22,12","22,95","23,35","21,94","12,37M","-3,91%"
"19.11.2020","23,02","22,05","23,15","21,33","17,34M","4,92%"
"18.11.2020","21,94","21,49","23,38","21,49","24,83M","3,10%"
"17.11.2020","21,28","20,97","21,66","20,52","11,99M","0,28%"
"16.11.2020","21,22","20,50","21,78","19,95","18,76M","8,49%"
"13.11.2020","19,56","19,34","19,98","19,11","6,87M","2,62%"
"12.11.2020","19,06","19,95","20,82","18,88","13,56M","-5,92%"
"11.11.2020","20,26","20,79","21,19","19,66","12,34M","-2,50%"
"10.11.2020","20,78","20,71","22,12","20,45","20,64M","-1,28%"
"09.11.2020","21,05","20,10","21,43","19,55","43,68M","19,94%"
"06.11.2020","17,55","17,12","17,75","16,60","13,32M","0,63%"
"05.11.2020","17,44","16,25","17,54","15,94","16,17M","9,89%"
"04.11.2020","15,87","15,82","16,17","15,35","11,69M","1,60%"
"03.11.2020","15,62","16,47","16,52","15,38","10,66M","-0,45%"
"30.10.2020","15,69","16,45","16,60","15,54","12,42M","-5,54%"
"29.10.2020","16,61","16,70","17,01","15,40","19,32M","-1,83%"
"28.10.2020","16,92","17,90","18,05","16,82","13,05M","-9,03%"
"27.10.2020","18,60","18,94","19,20","18,50","7,32M","-1,90%"
"26.10.2020","18,96","19,35","19,46","18,73","8,29M","-3,61%"
"23.10.2020","19,67","19,63","20,06","19,48","5,04M","0,36%"
"22.10.2020","19,60","19,50","19,77","19,38","7,05M","0,98%"
"21.10.2020","19,41","19,78","19,95","19,28","7,52M","-1,57%"
"20.10.2020","19,72","20,08","20,28","19,46","10,18M","-0,95%"
"19.10.2020","19,91","19,15","20,48","19,15","15,50M","4,51%"
"16.10.2020","19,05","19,56","19,75","18,97","7,02M","-2,46%"
"15.10.2020","19,53","19,00","19,77","18,84","7,02M","-0,46%"
"14.10.2020","19,62","19,20","20,12","19,13","10,19M","2,40%"
"13.10.2020","19,16","19,37","19,53","18,63","8,34M","0,26%"
"09.10.2020","19,11","18,56","19,77","18,41","13,94M","3,24%"
"08.10.2020","18,51","18,44","18,71","18,22","6,70M","1,15%"
"07.10.2020","18,30","19,30","19,42","18,14","11,85M","-3,43%"
"06.10.2020","18,95","17,86","19,56","17,84","23,93M","7,30%"
"05.10.2020","17,66","17,64","17,85","17,32","6,36M","1,55%"
"02.10.2020","17,39","17,58","17,87","17,21","7,44M","-2,85%"
"01.10.2020","17,90","17,70","18,16","17,35","11,58M","4,80%"
"30.09.2020","17,08","16,51","17,38","16,45","10,49M","3,70%"
"29.09.2020","16,47","17,52","17,62","16,30","11,63M","-5,72%"
"28.09.2020","17,47","18,24","18,69","17,37","10,48M","-2,07%"
"25.09.2020","17,84","17,81","18,05","17,47","7,11M","-0,56%"
"24.09.2020","17,94","17,81","18,19","17,40","10,23M","0,45%"
"23.09.2020","17,86","18,32","18,55","17,80","10,62M","-1,76%"
"22.09.2020","18,18","18,60","18,81","17,94","12,06M","-1,20%"
"21.09.2020","18,40","19,49","19,64","18,34","16,80M","-8,46%"
"18.09.2020","20,10","21,07","21,28","19,88","13,65M","-4,78%"
"17.09.2020","21,11","21,29","21,76","20,84","10,74M","-2,13%"
"16.09.2020","21,57","20,95","21,91","20,72","11,30M","3,40%"
"15.09.2020","20,86","21,45","21,97","20,82","10,28M","-1,60%"
"14.09.2020","21,20","20,30","21,30","19,97","13,49M","7,29%"
"11.09.2020","19,76","20,53","20,90","19,53","10,45M","-2,42%"
"10.09.2020","20,25","19,84","21,03","19,77","14,53M","2,07%"
"09.09.2020","19,84","20,88","21,15","19,51","11,30M","-2,70%"
"08.09.2020","20,39","19,51","21,02","19,21","14,65M","2,05%"
"04.09.2020","19,98","19,40","20,00","19,05","9,11M","3,68%"
"03.09.2020","19,27","18,76","19,67","18,70","10,80M","2,17%"
"02.09.2020","18,86","18,92","19,22","18,49","6,41M","0,21%"
"01.09.2020","18,82","18,41","19,03","18,24","12,77M","5,20%"
"31.08.2020","17,89","18,55","19,15","17,89","10,94M","-5,74%"
"28.08.2020","18,98","18,30","19,00","17,98","11,14M","3,72%"
"27.08.2020","18,30","17,70","18,40","17,55","13,11M","4,27%"
"26.08.2020","17,55","17,98","18,15","17,36","6,20M","-2,99%"
"25.08.2020","18,09","18,56","18,69","17,75","7,93M","-1,36%"
"24.08.2020","18,34","17,90","18,52","17,69","9,49M","3,56%"
"21.08.2020","17,71","17,70","18,41","17,39","9,50M","0,06%"
"20.08.2020","17,70","17,20","17,83","16,96","8,95M","-0,28%"
"19.08.2020","17,75","18,05","18,33","17,65","5,15M","-2,15%"
"18.08.2020","18,14","17,92","18,19","17,55","6,29M","3,36%"
"17.08.2020","17,55","18,73","18,80","17,25","7,93M","-6,05%"
"14.08.2020","18,68","18,30","18,74","17,80","7,63M","2,47%"
"13.08.2020","18,23","18,75","19,34","18,18","9,72M","-2,77%"
"12.08.2020","18,75","20,00","20,37","18,15","19,56M","-3,85%"
"11.08.2020","19,50","18,32","20,15","18,31","21,22M","8,45%"
"10.08.2020","17,98","18,00","18,36","17,70","6,96M","0,06%"
"07.08.2020","17,97","18,38","18,62","17,80","7,08M","-3,39%"
"06.08.2020","18,60","17,63","18,75","17,51","8,63M","5,50%"
"05.08.2020","17,63","17,91","18,14","17,62","6,79M","-0,11%"
"04.08.2020","17,65","17,52","17,98","17,26","5,40M","0,11%"
"03.08.2020","17,63","18,05","18,17","17,59","5,28M","-1,56%"
"31.07.2020","17,91","18,53","18,88","17,74","9,41M","-3,45%"
"30.07.2020","18,55","18,40","19,03","18,31","7,69M","0,54%"
"29.07.2020","18,45","19,20","19,30","18,45","7,31M","-3,30%"
"28.07.2020","19,08","18,51","19,43","18,46","7,82M","3,02%"
"27.07.2020","18,52","18,78","18,93","18,30","6,61M","-1,70%"
"24.07.2020","18,84","18,90","18,98","18,35","8,57M","-1,36%"
"23.07.2020","19,10","19,96","20,28","18,91","10,56M","-4,50%"
"22.07.2020","20,00","20,61","20,74","19,86","8,20M","-3,19%"
"21.07.2020","20,66","20,81","21,28","20,50","8,23M","0,19%"
"20.07.2020","20,62","20,90","20,95","20,45","5,20M","-0,87%"
"17.07.2020","20,80","21,25","21,42","20,66","10,15M","-1,09%"
"16.07.2020","21,03","21,57","21,87","20,97","11,94M","-4,19%"
"15.07.2020","21,95","21,26","21,99","20,86","19,79M","6,97%"
"14.07.2020","20,52","20,19","20,75","19,68","11,64M","1,74%"
"13.07.2020","20,17","21,15","21,56","20,10","13,72M","-3,49%"
"10.07.2020","20,90","19,79","21,30","19,64","16,44M","6,04%"
"09.07.2020","19,71","19,91","20,44","19,53","11,06M","-0,66%"
"08.07.2020","19,84","20,52","20,59","19,81","9,15M","-1,54%"
"07.07.2020","20,15","19,91","20,71","19,76","13,16M","-0,10%"
"06.07.2020","20,17","20,30","20,43","19,77","12,03M","3,12%"
"03.07.2020","19,56","18,87","19,63","18,60","7,53M","3,66%"
"02.07.2020","18,87","19,89","19,96","18,78","12,76M","-0,79%"
"01.07.2020","19,02","18,65","19,92","18,53","20,61M","2,53%"
"30.06.2020","18,55","18,50","18,90","18,26","9,83M","-1,33%"
"29.06.2020","18,80","18,69","19,08","17,96","13,86M","2,56%"
"26.06.2020","18,33","18,95","19,58","18,25","14,54M","-4,28%"
"25.06.2020","19,15","18,49","19,55","17,83","30,14M","4,99%"
"24.06.2020","18,24","19,68","19,68","17,90","19,61M","-8,34%"
"23.06.2020","19,90","18,42","20,08","17,66","17,21M","10,86%"
"22.06.2020","17,95","18,40","18,62","17,52","10,93M","-2,34%"
"19.06.2020","18,38","19,15","19,33","18,19","12,42M","-1,50%"
"18.06.2020","18,66","18,50","19,29","18,34","11,30M","-1,22%"
"17.06.2020","18,89","19,35","19,69","18,30","17,12M","-1,41%"
"16.06.2020","19,16","21,45","21,79","18,94","29,74M","-1,79%"
"15.06.2020","19,51","17,00","20,20","16,70","30,91M","5,23%"
"12.06.2020","18,54","18,41","19,97","18,26","26,24M","-8,40%"
"10.06.2020","20,24","23,52","24,27","20,05","30,67M","-9,64%"
"09.06.2020","22,40","22,85","25,13","21,57","35,12M","-6,63%"
"08.06.2020","23,99","20,10","23,99","19,87","31,77M","28,29%"
"05.06.2020","18,70","18,20","18,93","18,11","22,86M","9,74%"
"04.06.2020","17,04","17,31","18,19","16,72","23,58M","-3,13%"
"03.06.2020","17,59","16,01","17,87","16,01","33,33M","16,41%"
"02.06.2020","15,11","13,50","15,30","13,37","29,31M","15,70%"
"01.06.2020","13,06","11,86","13,13","11,78","19,43M","8,56%"
"29.05.2020","12,03","12,09","12,18","11,64","11,01M","-1,72%"
"28.05.2020","12,24","12,37","12,58","12,00","8,91M","-1,05%"
"27.05.2020","12,37","12,48","12,65","11,95","8,36M","0,65%"
"26.05.2020","12,29","13,00","13,19","12,15","11,43M","-2,46%"
"25.05.2020","12,60","12,80","13,09","12,44","7,21M","3,03%"
"22.05.2020","12,23","12,15","12,37","11,87","10,20M","-2,16%"
"21.05.2020","12,50","12,83","13,70","12,50","18,60M","-1,42%"
"20.05.2020","12,68","12,01","13,76","11,90","29,11M","8,84%"
"19.05.2020","11,65","12,30","12,84","11,35","20,13M","-6,28%"
"18.05.2020","12,43","11,44","12,57","11,26","17,87M","14,46%"
"15.05.2020","10,86","10,27","11,22","10,22","16,60M","4,12%"
"14.05.2020","10,43","9,89","10,56","9,53","9,85M","3,57%"
"13.05.2020","10,07","10,21","10,35","9,72","9,60M","0,70%"
"12.05.2020","10,00","10,70","10,92","10,00","6,43M","-5,12%"
"11.05.2020","10,54","10,64","10,90","10,27","5,82M","-4,18%"
"08.05.2020","11,00","11,03","11,24","10,64","6,78M","2,33%"
"07.05.2020","10,75","11,95","11,95","10,74","10,84M","-6,68%"
"06.05.2020","11,52","11,60","11,98","11,21","7,14M","-2,21%"
"05.05.2020","11,78","11,50","11,96","11,35","7,80M","5,65%"
"04.05.2020","11,15","11,38","11,59","10,79","12,53M","-10,08%"
"30.04.2020","12,40","12,87","13,10","12,23","12,27M","-7,05%"
"29.04.2020","13,34","12,62","13,40","12,37","12,96M","9,43%"
"28.04.2020","12,19","11,36","12,33","11,08","10,61M","11,63%"
"27.04.2020","10,92","11,15","11,28","10,52","7,14M","2,34%"
"24.04.2020","10,67","11,90","12,02","10,55","16,07M","-11,89%"
"23.04.2020","12,11","12,00","12,69","11,90","13,35M","1,76%"
"22.04.2020","11,90","12,05","12,24","11,87","6,72M","-1,41%"
"20.04.2020","12,07","11,70","12,39","11,61","8,18M","0,58%"
"17.04.2020","12,00","12,25","12,36","11,80","9,06M","2,04%"
"16.04.2020","11,76","12,76","12,84","11,65","12,70M","-4,23%"
"15.04.2020","12,28","11,14","12,34","10,97","12,30M","7,16%"
"14.04.2020","11,46","11,75","11,99","11,36","10,66M","0,09%"
"13.04.2020","11,45","11,30","11,89","11,14","8,08M","-1,55%"
"09.04.2020","11,63","12,46","12,89","11,40","14,55M","-3,00%"
"08.04.2020","11,99","10,80","12,19","10,34","14,87M","9,50%"
"07.04.2020","10,95","11,28","11,44","10,80","14,41M","7,88%"
"06.04.2020","10,15","10,46","10,77","9,80","12,85M","7,18%"
"03.04.2020","9,47","9,90","10,03","9,06","10,14M","-6,52%"
"02.04.2020","10,13","10,39","11,14","9,71","14,92M","1,50%"
"01.04.2020","9,98","10,21","10,44","9,70","15,70M","-12,23%"
"31.03.2020","11,37","12,45","12,69","11,25","13,09M","-7,56%"
"30.03.2020","12,30","13,63","14,28","12,29","18,15M","-2,30%"
"27.03.2020","12,59","11,79","14,18","11,38","24,41M","-3,45%"
"26.03.2020","13,04","11,00","14,79","11,00","33,22M","19,20%"
"25.03.2020","10,94","8,20","11,25","8,20","29,69M","35,06%"
"24.03.2020","8,10","8,60","8,60","7,63","15,29M","16,88%"
"23.03.2020","6,93","7,30","7,44","6,40","14,86M","-4,81%"
"20.03.2020","7,28","7,35","9,04","6,75","26,80M","16,48%"
"19.03.2020","6,25","5,54","6,93","4,81","18,22M","11,61%"
"18.03.2020","5,60","7,19","7,19","5,30","19,41M","-28,02%"
"17.03.2020","7,78","8,41","8,65","7,38","18,10M","-3,23%"
"16.03.2020","8,04","8,90","9,47","8,02","17,33M","-28,02%"
"13.03.2020","11,17","12,15","12,21","9,54","18,11M","12,04%"
"12.03.2020","9,97","13,10","13,10","9,72","9,87M","-36,29%"
"11.03.2020","15,65","17,82","18,10","14,60","11,83M","-14,57%"
"10.03.2020","18,32","18,86","19,62","17,07","11,54M","5,41%"
"09.03.2020","17,38","19,50","19,66","17,36","7,53M","-17,43%"
"06.03.2020","21,05","18,10","21,72","18,10","14,83M","1,94%"
"05.03.2020","20,65","24,20","24,40","19,82","13,71M","-16,77%"
"04.03.2020","24,81","26,00","26,21","24,72","9,27M","-1,23%"
"03.03.2020","25,12","26,38","26,78","24,75","8,70M","-3,79%"
"02.03.2020","26,11","25,60","27,00","24,92","8,43M","1,99%"
"28.02.2020","25,60","25,74","26,74","24,62","8,27M","-3,03%"
"27.02.2020","26,40","28,10","28,47","26,40","10,72M","-8,90%"
"26.02.2020","28,98","31,20","31,49","28,35","6,54M","-14,31%"
"21.02.2020","33,82","34,21","34,44","33,44","2,84M","-2,82%"
"20.02.2020","34,80","36,50","36,77","34,24","6,20M","-4,26%"
"19.02.2020","36,35","35,92","36,35","35,68","1,94M","1,34%"
"18.02.2020","35,87","35,96","36,25","35,07","2,56M","-1,43%"
"17.02.2020","36,39","36,05","36,51","35,84","2,13M","1,08%"
"14.02.2020","36,00","35,67","36,18","35,44","2,41M","1,69%"
"13.02.2020","35,40","35,60","36,08","35,17","2,36M","-2,48%"
"12.02.2020","36,30","36,50","36,85","35,49","4,32M","0,28%"
"11.02.2020","36,20","34,30","36,38","34,29","3,38M","5,97%"
"10.02.2020","34,16","34,60","34,80","33,70","3,64M","-0,87%"
"07.02.2020","34,46","35,45","35,88","34,24","3,37M","-3,61%"
"06.02.2020","35,75","36,39","36,86","35,54","4,28M","-1,22%"
"05.02.2020","36,19","35,85","36,35","35,33","3,15M","2,93%"
"04.02.2020","35,16","35,49","36,25","35,10","3,64M","2,36%"
"03.02.2020","34,35","34,05","35,24","33,32","3,81M","0,29%"
"31.01.2020","34,25","34,10","34,92","33,94","3,66M","-2,25%"
"30.01.2020","35,04","34,20","35,21","33,21","6,86M","0,29%"
"29.01.2020","34,94","36,46","36,83","34,94","4,15M","-3,45%"
"28.01.2020","36,19","36,00","36,83","35,40","6,34M","2,52%"
"27.01.2020","35,30","36,40","36,63","35,23","6,45M","-6,66%"
"24.01.2020","37,82","39,21","39,26","37,27","5,77M","-3,15%"
"23.01.2020","39,05","36,66","39,17","36,44","6,25M","5,03%"
"22.01.2020","37,18","36,98","37,90","36,32","5,32M","1,36%"
"21.01.2020","36,68","37,80","37,80","36,15","3,32M","-2,96%"
"20.01.2020","37,80","37,74","37,92","37,25","1,52M","-0,34%"
"17.01.2020","37,93","36,98","37,93","36,83","3,02M","3,52%"
"16.01.2020","36,64","37,24","37,49","36,40","2,74M","-0,89%"
"15.01.2020","36,97","37,85","37,99","36,72","3,42M","-2,68%"
"14.01.2020","37,99","37,99","38,39","37,55","3,27M","-0,03%"
"13.01.2020","38,00","37,21","38,20","37,20","4,69M","2,04%"
"10.01.2020","37,24","36,73","37,50","36,70","4,19M","1,61%"
"09.01.2020","36,65","36,05","36,90","35,98","4,69M","2,35%"
"08.01.2020","35,81","34,61","36,30","34,61","7,16M","3,95%"
"07.01.2020","34,45","34,65","34,84","34,21","3,31M","0,58%"
"06.01.2020","34,25","35,50","35,50","34,20","6,27M","-4,60%"
"03.01.2020","35,90","36,00","36,45","35,59","4,34M","-3,42%"
"02.01.2020","37,17","36,68","37,24","36,60","2,32M","1,01%"
"30.12.2019","36,80","36,75","37,39","36,45","2,63M","-0,33%"
"27.12.2019","36,92","36,75","36,99","36,36","2,68M","0,74%"
"26.12.2019","36,65","36,60","36,70","36,32","1,59M","0,52%"
"23.12.2019","36,46","35,99","36,60","35,97","2,17M","1,22%"
"20.12.2019","36,02","36,50","36,70","35,47","2,15M","-1,15%"
"19.12.2019","36,44","34,76","36,64","34,76","4,21M","3,67%"
"18.12.2019","35,15","35,17","35,42","34,61","5,48M","-0,51%"
"17.12.2019","35,33","36,25","36,44","34,68","3,64M","-2,75%"
"16.12.2019","36,33","36,45","36,84","36,25","4,71M","0,41%"
"13.12.2019","36,18","36,00","36,73","35,64","6,11M","1,34%"
"12.12.2019","35,70","35,60","35,90","35,36","5,80M","1,13%"
"11.12.2019","35,30","35,52","35,99","35,20","5,98M","0,86%"
"10.12.2019","35,00","36,51","36,63","35,00","42,87M","-4,61%"
"09.12.2019","36,69","37,03","38,20","36,69","9,82M","1,75%"
"06.12.2019","36,06","34,30","36,09","34,28","5,06M","4,98%"
"05.12.2019","34,35","34,98","34,98","34,16","2,83M","-0,29%"
"04.12.2019","34,45","35,03","35,39","34,45","4,79M","-1,52%"
"03.12.2019","34,98","34,10","34,98","33,80","4,49M","4,01%"
"02.12.2019","33,63","34,00","34,30","33,50","3,21M","-1,26%"
"29.11.2019","34,06","34,20","34,86","33,91","3,60M","-1,10%"
"28.11.2019","34,44","33,15","34,45","33,08","3,40M","3,92%"
"27.11.2019","33,14","33,35","33,86","32,81","3,11M","-0,54%"
"26.11.2019","33,32","34,25","34,35","32,78","5,90M","-3,84%"
"25.11.2019","34,65","34,61","35,09","34,38","2,59M","-0,29%"
"22.11.2019","34,75","33,95","34,80","33,72","3,26M","2,45%"
"21.11.2019","33,92","34,22","34,68","33,47","4,71M","-0,82%"
"19.11.2019","34,20","34,99","34,99","33,72","2,17M","-0,58%"
"18.11.2019","34,40","34,54","34,99","34,18","2,87M","0,61%"
"14.11.2019","34,19","33,05","34,19","32,61","4,29M","3,54%"
"13.11.2019","33,02","32,70","33,04","32,20","4,09M","0,49%"
"12.11.2019","32,86","34,07","34,36","32,81","5,33M","-3,89%"
"11.11.2019","34,19","33,64","34,19","33,18","4,17M","0,65%"
"08.11.2019","33,97","35,29","35,29","33,80","3,50M","-4,50%"
"07.11.2019","35,57","35,20","35,57","34,45","4,40M","1,63%"
"06.11.2019","35,00","34,95","35,88","34,16","5,30M","0,78%"
"05.11.2019","34,73","35,85","36,04","34,58","3,77M","-2,47%"
"04.11.2019","35,61","36,60","36,99","35,50","2,97M","-2,17%"
"01.11.2019","36,40","37,22","37,44","36,36","3,52M","-0,55%"
"31.10.2019","36,60","38,05","38,25","36,60","6,85M","-5,79%"
"30.10.2019","38,85","38,70","38,89","37,70","3,48M","1,54%"
"29.10.2019","38,26","37,39","38,69","36,93","4,52M","2,03%"
"28.10.2019","37,50","36,46","37,61","36,39","3,05M","2,80%"
"25.10.2019","36,48","37,20","37,80","36,45","4,58M","-1,41%"
"24.10.2019","37,00","37,15","37,52","36,85","3,61M","0,08%"
"23.10.2019","36,97","37,30","37,81","36,72","5,20M","-0,86%"
"22.10.2019","37,29","35,20","37,29","35,20","4,82M","6,00%"
"21.10.2019","35,18","35,25","35,64","35,16","2,76M","-0,73%"
"18.10.2019","35,44","35,67","36,20","35,40","2,95M","-1,56%"
"17.10.2019","36,00","36,04","36,24","35,45","3,56M","0,42%"
"16.10.2019","35,85","35,61","35,85","34,97","2,85M","0,28%"
"15.10.2019","35,75","35,54","36,04","34,96","3,36M","0,42%"
"14.10.2019","35,60","34,70","35,68","34,69","3,87M","2,74%"
"11.10.2019","34,65","33,90","34,88","33,60","6,14M","4,68%"
"10.10.2019","33,10","32,50","33,10","32,26","5,54M","0,00%"
"09.10.2019","33,10","32,92","33,70","32,39","7,20M","3,12%"
"08.10.2019","32,10","32,50","33,02","31,90","2,76M","-0,90%"
"07.10.2019","32,39","32,72","33,38","32,20","2,92M","-2,03%"
"04.10.2019","33,06","33,00","33,44","32,71","4,78M","1,10%"
"03.10.2019","32,70","31,03","32,95","31,03","8,78M","5,48%"
"02.10.2019","31,00","31,15","31,63","30,62","6,25M","-2,52%"
"01.10.2019","31,80","32,33","32,47","31,63","3,34M","-1,55%"
"30.09.2019","32,30","31,91","32,48","31,76","4,46M","0,94%"
"27.09.2019","32,00","32,03","32,76","31,75","15,77M","-6,51%"
"26.09.2019","34,23","33,90","34,41","33,54","5,49M","2,18%"
"25.09.2019","33,50","32,26","33,60","32,07","5,13M","3,40%"
"24.09.2019","32,40","32,95","33,15","32,27","3,26M","-0,55%"
"23.09.2019","32,58","33,00","33,28","32,38","3,57M","-1,90%"
"20.09.2019","33,21","34,20","34,50","32,56","6,17M","-2,64%"
"19.09.2019","34,11","33,23","34,88","33,20","6,26M","1,40%"
"18.09.2019","33,64","34,24","34,48","32,91","4,72M","-0,56%"
"17.09.2019","33,83","32,75","34,08","31,92","9,98M","5,55%"
"16.09.2019","32,05","32,99","33,34","31,82","7,54M","-7,77%"
"13.09.2019","34,75","36,10","36,83","34,55","6,10M","-2,80%"
"12.09.2019","35,75","34,85","36,07","34,30","5,47M","4,14%"
"11.09.2019","34,33","33,16","34,40","32,99","3,54M","4,98%"
"10.09.2019","32,70","32,68","33,00","32,06","2,61M","0,00%"
"09.09.2019","32,70","34,39","34,49","32,53","4,59M","-3,99%"
"06.09.2019","34,06","34,48","35,66","33,73","9,03M","0,15%"
"05.09.2019","34,01","32,85","34,10","32,59","6,21M","6,28%"
"04.09.2019","32,00","32,01","32,50","31,67","3,03M","1,39%"
"03.09.2019","31,56","32,32","33,30","31,56","2,94M","-3,31%"
"02.09.2019","32,64","33,00","33,39","32,64","1,53M","-1,69%"
"30.08.2019","33,20","34,19","34,66","33,04","3,35M","-1,66%"
"29.08.2019","33,76","32,75","33,90","32,01","4,07M","4,46%"
"28.08.2019","32,32","32,43","33,15","32,27","2,70M","-1,52%"
"27.08.2019","32,82","32,70","33,64","32,10","3,74M","1,33%"
"26.08.2019","32,39","33,81","34,38","32,36","3,10M","-3,02%"
"23.08.2019","33,40","32,50","34,38","32,35","5,94M","0,00%"
"22.08.2019","33,40","35,11","35,30","33,26","3,47M","-5,06%"
"21.08.2019","35,18","36,09","36,39","34,74","3,83M","-0,62%"
"20.08.2019","35,40","34,97","35,57","33,74","3,45M","1,43%"
"19.08.2019","34,90","35,51","36,10","34,49","3,13M","-0,23%"
"16.08.2019","34,98","36,69","36,80","34,71","3,50M","-2,04%"
"15.08.2019","35,71","37,00","37,18","35,46","4,01M","-1,90%"
"14.08.2019","36,40","37,78","37,78","35,86","4,95M","-4,46%"
"13.08.2019","38,10","37,87","38,79","37,58","5,20M","1,22%"
"12.08.2019","37,64","39,41","39,60","37,63","6,36M","-7,20%"
"09.08.2019","40,56","39,90","40,70","39,60","2,51M","1,43%"
"08.08.2019","39,99","39,96","40,65","39,45","3,02M","1,24%"
"07.08.2019","39,50","40,94","41,00","38,82","4,27M","-3,52%"
"06.08.2019","40,94","41,85","41,85","40,87","2,11M","0,47%"
"05.08.2019","40,75","41,00","41,59","39,96","3,85M","-4,00%"
"02.08.2019","42,45","43,67","44,50","41,31","4,97M","-3,06%"
"01.08.2019","43,79","41,25","44,62","41,25","6,63M","6,88%"
"31.07.2019","40,97","40,99","41,47","40,53","2,67M","-0,12%"
"30.07.2019","41,02","40,94","41,78","40,42","3,08M","0,05%"
"29.07.2019","41,00","41,07","41,26","39,69","4,34M","0,79%"
"26.07.2019","40,68","38,25","40,75","38,25","4,85M","6,35%"
"25.07.2019","38,25","39,40","39,40","38,02","3,16M","-1,80%"
"24.07.2019","38,95","38,63","39,58","38,60","2,34M","0,85%"
"23.07.2019","38,62","39,03","39,25","38,29","2,50M","-0,72%"
"22.07.2019","38,90","38,81","39,40","38,35","2,18M","1,04%"
"19.07.2019","38,50","38,40","39,74","38,40","3,99M","-1,53%"
"18.07.2019","39,10","38,60","39,52","37,55","5,54M","2,09%"
"17.07.2019","38,30","40,30","40,38","37,96","6,89M","-4,11%"
"16.07.2019","39,94","38,18","39,94","38,14","4,86M","4,66%"
"15.07.2019","38,16","39,21","39,61","38,03","5,21M","-2,43%"
"12.07.2019","39,11","40,32","40,80","39,11","3,39M","-3,12%"
"11.07.2019","40,37","41,16","41,25","39,75","4,63M","-0,88%"
"10.07.2019","40,73","42,01","42,53","40,73","5,98M","-0,44%"
"08.07.2019","40,91","40,29","42,39","39,83","9,97M","1,26%"
"05.07.2019","40,40","38,72","41,64","37,45","15,12M","6,23%"
"04.07.2019","38,03","35,60","38,03","35,60","4,59M","7,31%"
"03.07.2019","35,44","32,60","35,44","32,58","7,31M","9,59%"
"02.07.2019","32,34","31,99","32,41","31,52","3,22M","1,35%"
"01.07.2019","31,91","32,91","33,10","31,70","3,18M","-2,12%"
"28.06.2019","32,60","31,90","32,60","31,72","2,44M","3,13%"
"27.06.2019","31,61","31,20","31,68","30,92","2,09M","0,51%"
"26.06.2019","31,45","32,00","32,18","31,44","2,17M","0,16%"
"25.06.2019","31,40","31,70","32,30","31,24","4,40M","-1,66%"
"24.06.2019","31,93","32,28","32,59","31,63","4,81M","-0,84%"
"21.06.2019","32,20","32,69","33,00","31,83","5,76M","-1,89%"
"19.06.2019","32,82","31,74","33,04","30,84","5,59M","2,72%"
"18.06.2019","31,95","31,45","31,96","31,27","3,22M","3,06%"
"17.06.2019","31,00","30,51","31,37","30,36","3,03M","2,24%"
"14.06.2019","30,32","30,78","31,17","30,20","2,82M","-1,59%"
"13.06.2019","30,81","30,59","31,39","30,52","3,30M","0,46%"
"12.06.2019","30,67","30,80","30,92","30,21","2,65M","-0,90%"
"11.06.2019","30,95","31,20","31,48","29,85","5,54M","0,26%"
"10.06.2019","30,87","30,20","31,00","30,04","3,82M","2,97%"
"07.06.2019","29,98","29,65","30,25","29,06","4,22M","2,50%"
"06.06.2019","29,25","28,70","29,25","27,87","3,78M","3,47%"
"05.06.2019","28,27","28,56","29,08","27,94","4,31M","0,57%"
"04.06.2019","28,11","27,81","28,36","27,62","4,22M","2,93%"
"03.06.2019","27,31","27,11","28,12","27,11","4,35M","1,22%"
"31.05.2019","26,98","26,69","27,51","26,66","3,95M","-0,41%"
"30.05.2019","27,09","26,53","27,27","26,36","4,55M","2,27%"
"29.05.2019","26,49","26,33","27,15","25,93","5,76M","0,00%"
"28.05.2019","26,49","25,50","26,49","24,75","5,97M","3,88%"
"27.05.2019","25,50","25,25","25,80","25,17","3,43M","2,57%"
"24.05.2019","24,86","24,20","24,93","24,00","8,00M","5,16%"
"23.05.2019","23,64","23,06","24,60","22,77","6,04M","0,38%"
"22.05.2019","23,55","22,75","23,84","22,52","8,32M","5,61%"
"21.05.2019","22,30","21,10","22,56","20,92","4,75M","6,95%"
"20.05.2019","20,85","20,49","21,11","20,09","3,50M","1,71%"
"17.05.2019","20,50","20,50","21,35","20,16","5,19M","-2,29%"
"16.05.2019","20,98","22,20","22,42","20,98","4,73M","-7,41%"
"15.05.2019","22,66","22,89","22,89","21,80","4,34M","-1,69%"
"14.05.2019","23,05","23,80","24,28","22,79","4,44M","-2,78%"
"13.05.2019","23,71","24,95","25,02","23,59","4,08M","-7,02%"
"10.05.2019","25,50","24,70","25,57","24,35","4,11M","2,66%"
"09.05.2019","24,84","24,18","24,90","23,76","4,06M","1,31%"
"08.05.2019","24,52","23,46","24,63","23,46","3,82M","4,34%"
"07.05.2019","23,50","23,20","23,50","22,59","3,88M","0,86%"
"06.05.2019","23,30","22,96","23,70","22,91","3,29M","-1,65%"
"03.05.2019","23,69","22,50","23,90","22,03","4,52M","5,01%"
"02.05.2019","22,56","22,46","22,56","22,09","2,27M","-0,97%"
"30.04.2019","22,78","23,00","23,22","22,50","2,16M","-0,96%"
"29.04.2019","23,00","23,20","23,44","22,97","1,10M","0,00%"
"26.04.2019","23,00","23,37","23,50","22,78","2,83M","-0,73%"
"25.04.2019","23,17","22,97","23,77","22,60","2,69M","0,17%"
"24.04.2019","23,13","24,00","24,80","22,91","3,72M","-3,18%"
"23.04.2019","23,89","23,13","24,48","23,13","3,29M","3,38%"
"22.04.2019","23,11","23,80","23,81","22,91","2,08M","-2,90%"
"18.04.2019","23,80","21,98","24,15","21,98","4,83M","8,58%"
"17.04.2019","21,92","22,76","23,04","21,81","3,67M","-3,56%"
"16.04.2019","22,73","22,70","23,26","22,20","2,49M","0,13%"
"15.04.2019","22,70","23,52","23,88","22,40","2,25M","-2,37%"
"12.04.2019","23,25","23,00","23,83","22,81","5,28M","-0,64%"
"11.04.2019","23,40","24,32","24,59","23,00","5,58M","-3,47%"
"10.04.2019","24,24","23,92","24,88","23,72","5,44M","2,28%"
"09.04.2019","23,70","23,89","23,93","23,27","3,77M","-2,07%"
"08.04.2019","24,20","25,38","25,51","24,07","2,98M","-4,65%"
"05.04.2019","25,38","25,80","25,98","25,11","2,64M","-1,25%"
"04.04.2019","25,70","25,20","25,80","24,80","2,11M","1,18%"
"03.04.2019","25,40","25,40","25,70","24,87","2,12M","0,32%"
"02.04.2019","25,32","25,85","26,10","24,93","2,34M","-1,29%"
"01.04.2019","25,65","26,43","26,71","25,55","2,52M","-0,97%"
"29.03.2019","25,90","26,17","26,80","25,58","2,97M","1,13%"
"28.03.2019","25,61","25,69","25,83","24,44","5,02M","1,83%"
"27.03.2019","25,15","27,34","27,34","25,01","5,68M","-8,71%"
"26.03.2019","27,55","28,12","28,34","27,46","2,43M","-0,33%"
"25.03.2019","27,64","27,50","28,34","26,81","3,60M","1,39%"
"22.03.2019","27,26","28,53","28,80","27,03","4,19M","-6,48%"
"21.03.2019","29,15","31,27","31,49","28,93","4,49M","-5,02%"
"20.03.2019","30,69","30,40","31,70","30,40","5,08M","0,89%"
"19.03.2019","30,42","29,03","30,77","28,91","5,92M","5,41%"
"18.03.2019","28,86","27,66","28,97","27,66","3,50M","4,57%"
"15.03.2019","27,60","26,95","27,80","26,83","3,10M","2,99%"
"14.03.2019","26,80","27,57","27,70","26,70","2,84M","-2,30%"
"13.03.2019","27,43","26,59","27,81","26,16","4,19M","3,31%"
"12.03.2019","26,55","26,35","26,95","25,81","3,99M","0,76%"
"11.03.2019","26,35","26,19","27,22","25,92","5,87M","-2,59%"
"08.03.2019","27,05","26,50","27,37","25,70","2,73M","1,58%"
"07.03.2019","26,63","26,39","27,03","26,11","1,86M","0,87%"
"06.03.2019","26,40","26,63","26,89","26,16","1,47M","-0,08%"
"01.03.2019","26,42","26,96","27,08","25,79","1,94M","-0,90%"
"28.02.2019","26,66","27,07","28,05","26,36","2,28M","-2,34%"
"27.02.2019","27,30","27,70","27,90","27,01","1,61M","-0,73%"
"26.02.2019","27,50","27,00","27,94","26,60","2,68M","1,85%"
"25.02.2019","27,00","27,80","27,96","27,00","1,91M","-2,17%"
"22.02.2019","27,60","27,50","27,83","26,95","2,55M","1,10%"
"21.02.2019","27,30","28,20","28,65","26,09","6,76M","-3,36%"
"20.02.2019","28,25","28,28","28,83","27,91","2,85M","0,82%"
"19.02.2019","28,02","28,52","28,63","28,01","2,03M","-0,85%"
"18.02.2019","28,26","28,62","28,74","28,04","1,44M","-2,25%"
"15.02.2019","28,91","28,63","28,98","28,13","2,87M","1,44%"
"14.02.2019","28,50","28,51","28,64","27,40","3,95M","-0,52%"
"13.02.2019","28,65","28,57","28,89","28,00","2,45M","0,39%"
"12.02.2019","28,54","28,15","28,59","27,67","3,53M","2,59%"
"11.02.2019","27,82","27,32","28,14","27,06","3,06M","2,92%"
"08.02.2019","27,03","26,47","27,15","25,43","2,41M","2,54%"
"07.02.2019","26,36","27,00","27,33","25,88","2,34M","-1,61%"
"06.02.2019","26,79","27,11","27,80","26,68","3,34M","-2,90%"
"05.02.2019","27,59","27,49","28,14","27,20","5,64M","2,26%"
"04.02.2019","26,98","24,80","27,00","24,76","5,86M","8,27%"
"01.02.2019","24,92","24,59","25,05","24,43","2,60M","0,81%"
"31.01.2019","24,72","24,50","25,18","24,14","4,46M","2,74%"
"30.01.2019","24,06","23,35","24,22","23,32","2,85M","4,38%"
"29.01.2019","23,05","23,50","23,54","23,00","2,06M","-0,52%"
"28.01.2019","23,17","22,78","23,41","22,51","3,00M","-1,11%"
"24.01.2019","23,43","23,21","23,60","23,15","2,56M","0,95%"
"23.01.2019","23,21","23,15","23,35","22,69","2,94M","1,75%"
"22.01.2019","22,81","23,57","23,96","22,81","3,40M","-3,43%"
"21.01.2019","23,62","23,95","24,14","23,50","2,37M","-2,44%"
"18.01.2019","24,21","24,41","25,08","24,10","3,87M","0,79%"
"17.01.2019","24,02","24,25","24,48","23,93","2,70M","0,54%"
"16.01.2019","23,89","24,35","24,65","23,75","2,49M","-1,97%"
"15.01.2019","24,37","25,30","25,50","24,37","2,48M","-3,14%"
"14.01.2019","25,16","24,83","25,40","24,38","3,74M","0,80%"
"11.01.2019","24,96","23,50","24,96","23,44","6,38M","7,35%"
"10.01.2019","23,25","23,30","23,71","22,99","2,71M","-0,98%"
"09.01.2019","23,48","23,70","24,13","23,46","2,97M","-0,47%"
"08.01.2019","23,59","24,30","24,40","22,74","4,29M","-1,30%"
"07.01.2019","23,90","24,76","25,15","23,85","2,76M","-4,40%"
"04.01.2019","25,00","25,66","25,86","24,77","3,17M","-2,46%"
"03.01.2019","25,63","25,17","25,83","24,69","3,62M","0,71%"
"02.01.2019","25,45","25,08","25,62","24,95","3,74M","1,39%"
"28.12.2018","25,10","24,70","25,14","24,50","2,60M","2,78%"
"27.12.2018","24,42","24,69","25,50","24,02","5,82M","-0,33%"
"26.12.2018","24,50","24,70","25,30","24,41","2,39M","-0,97%"
"21.12.2018","24,74","25,21","25,77","24,56","4,03M","-2,52%"
"20.12.2018","25,38","25,17","25,71","24,66","6,68M","3,21%"
"19.12.2018","24,59","25,75","26,13","24,59","8,17M","-2,11%"
"18.12.2018","25,12","23,55","25,64","23,30","8,31M","6,04%"
"17.12.2018","23,69","22,96","24,75","22,49","10,82M","0,17%"
"14.12.2018","23,65","21,59","23,74","21,51","10,68M","7,50%"
"13.12.2018","22,00","20,90","22,00","20,29","9,67M","5,26%"
"12.12.2018","20,90","21,00","21,08","20,09","6,52M","0,48%"
"11.12.2018","20,80","18,91","20,80","18,30","9,33M","13,04%"
"10.12.2018","18,40","19,80","20,00","18,40","5,82M","-7,12%"
"07.12.2018","19,81","20,31","20,39","19,55","3,83M","-2,94%"
"06.12.2018","20,41","20,50","20,59","20,14","3,08M","-2,11%"
"05.12.2018","20,85","20,62","20,89","20,16","2,17M","1,91%"
"04.12.2018","20,46","21,44","21,59","20,44","3,79M","-4,17%"
"03.12.2018","21,35","21,90","22,07","21,14","3,53M","-1,16%"
"30.11.2018","21,60","21,15","21,75","20,96","3,46M","1,17%"
"29.11.2018","21,35","20,82","21,50","20,66","3,30M","2,15%"
"28.11.2018","20,90","20,52","21,33","20,47","4,42M","1,46%"
"27.11.2018","20,60","20,67","20,83","20,25","4,13M","1,73%"
"26.11.2018","20,25","22,17","22,29","20,03","6,85M","-7,53%"
"23.11.2018","21,90","22,15","22,65","21,70","5,56M","-0,82%"
"22.11.2018","22,08","21,00","22,10","20,91","4,53M","5,04%"
"21.11.2018","21,02","19,97","21,24","19,69","5,98M","4,37%"
"19.11.2018","20,14","20,09","20,59","20,00","3,21M","-0,35%"
"16.11.2018","20,21","20,40","20,50","19,87","5,05M","0,30%"
"14.11.2018","20,15","19,45","20,15","19,45","5,25M","3,07%"
"13.11.2018","19,55","19,75","20,01","19,11","6,11M","-0,26%"
"12.11.2018","19,60","20,07","20,39","19,55","5,92M","-1,71%"
"09.11.2018","19,94","19,76","20,06","19,01","9,09M","0,86%"
"08.11.2018","19,77","20,41","20,54","19,49","6,39M","-2,13%"
"07.11.2018","20,20","20,90","21,12","19,92","7,97M","-1,51%"
"06.11.2018","20,51","19,90","21,27","19,54","11,51M","0,54%"
"05.11.2018","20,40","19,35","20,41","18,65","8,91M","5,97%"
"01.11.2018","19,25","18,01","19,25","18,01","9,58M","4,62%"
"31.10.2018","18,40","18,25","18,89","17,70","11,62M","-0,05%"
"30.10.2018","18,41","17,38","18,41","17,03","9,13M","8,10%"
"29.10.2018","17,03","19,20","19,28","16,74","15,25M","-6,48%"
"26.10.2018","18,21","16,60","18,21","16,53","10,93M","10,70%"
"25.10.2018","16,45","16,15","16,78","16,07","5,84M","3,20%"
"24.10.2018","15,94","16,43","16,67","15,86","5,47M","-3,74%"
"23.10.2018","16,56","16,20","16,62","16,10","5,05M","-0,24%"
"22.10.2018","16,60","16,56","16,78","16,32","6,13M","2,41%"
"19.10.2018","16,21","16,55","16,79","15,90","8,81M","0,19%"
"18.10.2018","16,18","16,15","16,82","16,01","10,79M","-0,43%"
"17.10.2018","16,25","15,53","16,97","15,52","14,39M","2,20%"
"16.10.2018","15,90","14,55","16,15","14,45","13,37M","12,85%"
"15.10.2018","14,09","14,00","14,46","13,45","12,58M","4,06%"
"11.10.2018","13,54","13,80","14,05","13,30","9,49M","1,80%"
"10.10.2018","13,30","14,45","14,45","13,16","11,73M","-10,32%"
"09.10.2018","14,83","14,64","15,08","14,15","9,27M","0,75%"
"08.10.2018","14,72","13,70","14,72","13,37","11,80M","18,71%"
"05.10.2018","12,40","12,50","12,60","12,10","5,75M","2,06%"
"04.10.2018","12,15","12,00","12,33","11,66","9,00M","-0,82%"
"03.10.2018","12,25","13,00","13,14","12,00","9,94M","6,61%"
"02.10.2018","11,49","11,21","11,51","11,12","7,58M","8,29%"
"01.10.2018","10,61","11,16","11,36","10,57","5,60M","-3,98%"
"28.09.2018","11,05","11,37","11,58","10,95","6,19M","-4,74%"
"27.09.2018","11,60","11,00","11,60","10,96","6,85M","6,42%"
"26.09.2018","10,90","10,75","11,16","10,73","5,80M","1,40%"
"25.09.2018","10,75","10,03","10,88","10,03","7,89M","0,66%"
"24.09.2018","10,68","11,16","11,43","10,63","6,62M","-6,40%"
"21.09.2018","11,41","11,20","11,60","11,15","6,43M","2,89%"
"20.09.2018","11,09","10,76","11,10","10,72","8,16M","5,62%"
"19.09.2018","10,50","10,31","10,70","10,04","6,39M","1,84%"
"18.09.2018","10,31","10,15","10,50","10,06","5,75M","3,00%"
"17.09.2018","10,01","9,30","10,20","9,18","9,05M","7,29%"
"14.09.2018","9,33","9,35","9,52","9,19","5,88M","0,21%"
"13.09.2018","9,31","9,71","9,74","9,25","4,61M","-3,22%"
"12.09.2018","9,62","9,74","9,84","9,58","4,52M","0,10%"
"11.09.2018","9,61","9,88","9,94","9,58","5,64M","-5,04%"
"10.09.2018","10,12","10,48","10,54","9,97","6,25M","0,80%"
"06.09.2018","10,04","10,24","10,29","9,71","7,97M","0,20%"
"05.09.2018","10,02","10,17","10,27","10,00","4,22M","-0,99%"
"04.09.2018","10,12","10,85","11,05","10,12","7,20M","-6,81%"
"03.09.2018","10,86","11,04","11,15","10,82","2,77M","-3,12%"
"31.08.2018","11,21","10,93","11,30","10,82","4,95M","3,03%"
"30.08.2018","10,88","11,00","11,09","10,71","4,86M","-3,03%"
"29.08.2018","11,22","10,65","11,30","10,55","5,86M","6,25%"
"28.08.2018","10,56","10,66","10,88","10,40","4,42M","-1,95%"
"27.08.2018","10,77","10,56","10,89","10,27","6,53M","3,66%"
"24.08.2018","10,39","10,95","11,09","10,35","7,46M","-2,26%"
"23.08.2018","10,63","11,36","11,55","10,63","7,88M","-5,51%"
"22.08.2018","11,25","11,04","11,29","10,66","6,10M","0,99%"
"21.08.2018","11,14","12,21","12,27","11,06","8,04M","-9,87%"
"20.08.2018","12,36","12,28","12,45","12,02","3,01M","1,64%"
"17.08.2018","12,16","12,25","12,44","12,11","2,19M","-3,11%"
"16.08.2018","12,55","12,80","13,12","12,48","4,13M","-0,55%"
"15.08.2018","12,62","12,09","12,69","12,00","3,47M","1,12%"
"14.08.2018","12,48","12,75","12,77","12,18","3,25M","0,56%"
"13.08.2018","12,41","12,10","12,41","11,76","5,11M","0,81%"
"10.08.2018","12,31","12,90","12,90","12,10","3,45M","-5,67%"
"09.08.2018","13,05","13,58","13,63","12,83","4,83M","-2,54%"
"08.08.2018","13,39","13,87","14,24","13,30","3,62M","-4,29%"
"07.08.2018","13,99","14,57","14,79","13,91","3,80M","-2,58%"
"06.08.2018","14,36","14,55","14,88","14,30","3,77M","-0,55%"
"03.08.2018","14,44","13,70","14,63","13,66","5,57M","6,18%"
"02.08.2018","13,60","13,80","14,10","13,26","5,92M","-0,73%"
"01.08.2018","13,70","13,75","13,96","13,25","3,83M","-0,80%"
"31.07.2018","13,81","14,45","14,45","13,72","3,31M","-4,43%"
"30.07.2018","14,45","14,90","15,00","14,28","2,68M","-2,36%"
"27.07.2018","14,80","14,72","14,95","14,70","2,71M","1,16%"
"26.07.2018","14,63","14,72","14,95","14,40","3,04M","-1,35%"
"25.07.2018","14,83","14,04","14,83","13,99","4,91M","6,69%"
"24.07.2018","13,90","13,98","14,10","13,81","3,38M","2,21%"
"23.07.2018","13,60","13,56","13,78","13,12","3,12M","0,29%"
"20.07.2018","13,56","13,60","14,03","13,37","6,32M","5,12%"
"19.07.2018","12,90","13,09","13,09","12,51","3,77M","-2,42%"
"18.07.2018","13,22","13,18","13,57","12,90","4,80M","2,56%"
"17.07.2018","12,89","12,60","13,74","12,58","10,63M","3,04%"
"16.07.2018","12,51","11,50","12,58","11,47","7,91M","11,60%"
"13.07.2018","11,21","11,08","11,32","10,94","2,31M","1,08%"
"12.07.2018","11,09","10,81","11,12","10,76","2,39M","3,94%"
"11.07.2018","10,67","10,90","11,06","10,67","1,59M","-3,26%"
"10.07.2018","11,03","11,32","11,39","10,65","3,69M","-0,81%"
"06.07.2018","11,12","10,69","11,26","10,61","3,95M","4,81%"
"05.07.2018","10,61","10,70","10,79","10,25","2,69M","1,05%"
"04.07.2018","10,50","10,25","10,64","10,08","2,47M","2,94%"
"03.07.2018","10,20","10,24","10,70","10,16","3,63M","0,79%"
"02.07.2018","10,12","10,30","10,33","10,00","1,80M","-2,88%"
"29.06.2018","10,42","10,85","10,99","10,30","3,31M","-2,16%"
"28.06.2018","10,65","10,05","10,76","10,01","4,38M","4,62%"
"27.06.2018","10,18","10,30","10,43","9,90","4,20M","-2,77%"
"26.06.2018","10,47","10,65","10,88","10,32","3,07M","-1,32%"
"25.06.2018","10,61","11,16","11,27","10,50","3,17M","-4,33%"
"22.06.2018","11,09","11,42","11,68","10,95","2,62M","-3,98%"
"21.06.2018","11,55","11,73","11,91","11,28","1,66M","-2,12%"
"20.06.2018","11,80","11,78","12,35","11,62","2,67M","0,51%"
"19.06.2018","11,74","10,90","11,99","10,76","3,32M","5,77%"
"18.06.2018","11,10","11,30","11,45","11,02","1,78M","-3,06%"
"15.06.2018","11,45","12,03","12,20","11,28","2,81M","-5,37%"
"14.06.2018","12,10","12,63","12,85","12,00","3,15M","-3,20%"
"13.06.2018","12,50","12,44","12,90","12,18","4,27M","1,21%"
"12.06.2018","12,35","12,30","12,60","11,97","2,19M","0,90%"
"11.06.2018","12,24","12,36","12,93","12,06","2,58M","-0,08%"
"08.06.2018","12,25","12,09","12,45","11,62","2,79M","2,34%"
"07.06.2018","11,97","12,40","12,43","11,56","3,91M","-6,48%"
"06.06.2018","12,80","13,55","13,55","12,69","3,84M","-5,40%"
"05.06.2018","13,53","14,36","14,36","13,41","2,91M","-5,38%"
"04.06.2018","14,30","13,47","14,34","13,47","2,72M","7,60%"
"01.06.2018","13,29","13,67","13,96","12,94","2,86M","-1,48%"
"30.05.2018","13,49","13,95","14,45","13,24","3,31M","-3,02%"
"29.05.2018","13,91","13,70","14,34","13,50","3,23M","4,98%"
"28.05.2018","13,25","14,40","14,44","13,18","1,80M","-7,92%"
"25.05.2018","14,39","14,51","14,88","14,25","2,20M","1,70%"
"24.05.2018","14,15","13,80","14,67","13,56","2,87M","-0,35%"
"23.05.2018","14,20","14,68","14,89","14,15","2,40M","-5,33%"
"22.05.2018","15,00","14,94","15,23","14,59","4,00M","1,76%"
"21.05.2018","14,74","14,86","14,90","14,20","2,67M","3,73%"
"18.05.2018","14,21","13,85","14,32","13,25","2,83M","0,42%"
"17.05.2018","14,15","15,15","15,20","14,00","3,11M","-4,84%"
"16.05.2018","14,87","15,11","15,32","14,67","2,27M","-0,20%"
"15.05.2018","14,90","14,55","14,90","14,03","3,30M","-1,00%"
"14.05.2018","15,05","15,99","16,20","14,95","3,20M","-4,63%"
"11.05.2018","15,78","16,33","16,64","15,32","3,43M","-3,13%"
"10.05.2018","16,29","15,40","16,64","15,30","5,59M","7,17%"
"09.05.2018","15,20","17,10","17,27","15,07","7,00M","-9,85%"
"08.05.2018","16,86","17,24","17,40","16,86","2,06M","-2,20%"
"07.05.2018","17,24","18,47","18,64","17,10","3,21M","-5,53%"
"04.05.2018","18,25","17,20","18,40","16,72","6,12M","4,64%"
"03.05.2018","17,44","18,48","18,49","17,35","2,93M","-4,70%"
"02.05.2018","18,30","19,20","19,29","18,11","2,89M","-5,77%"
"30.04.2018","19,42","19,60","19,77","19,23","1,65M","-0,41%"
"27.04.2018","19,50","19,50","19,84","19,31","2,36M","1,14%"
"26.04.2018","19,28","19,25","19,78","19,00","2,23M","0,68%"
"25.04.2018","19,15","20,24","20,29","19,15","3,74M","-6,59%"
"24.04.2018","20,50","21,55","21,76","20,47","2,76M","-2,57%"
"23.04.2018","21,04","20,70","21,37","20,15","1,93M","2,38%"
"20.04.2018","20,55","21,20","21,20","20,22","2,91M","-3,11%"
"19.04.2018","21,21","22,50","22,50","20,81","4,25M","-6,73%"
"18.04.2018","22,74","22,29","22,99","22,29","1,93M","3,22%"
"17.04.2018","22,03","20,82","22,08","20,80","2,40M","7,36%"
"16.04.2018","20,52","21,20","21,39","20,52","2,23M","-3,21%"
"13.04.2018","21,20","22,01","22,21","20,78","2,82M","-3,64%"
"12.04.2018","22,00","22,02","22,35","21,55","1,94M","0,87%"
"11.04.2018","21,81","22,58","22,58","21,72","2,21M","-2,85%"
"10.04.2018","22,45","23,35","23,53","22,21","1,63M","-2,01%"
"09.04.2018","22,91","23,93","24,80","22,81","3,09M","-4,10%"
"06.04.2018","23,89","21,30","24,47","21,30","5,49M","13,82%"
"05.04.2018","20,99","21,23","21,38","20,74","1,48M","2,09%"
"04.04.2018","20,56","21,00","21,00","20,14","2,04M","-3,66%"
"03.04.2018","21,34","21,50","21,81","21,31","816,20K","-0,05%"
"02.04.2018","21,35","21,47","22,00","21,16","1,29M","-1,39%"
"29.03.2018","21,65","21,01","21,94","21,00","2,04M","3,74%"
"28.03.2018","20,87","21,40","21,40","20,52","1,58M","-2,48%"
"27.03.2018","21,40","21,83","21,90","21,20","1,19M","-1,29%"
"26.03.2018","21,68","21,56","21,90","21,16","1,62M","2,02%"
"23.03.2018","21,25","20,25","21,47","20,01","1,93M","3,66%"
"22.03.2018","20,50","20,98","21,17","20,35","2,01M","-1,91%"
"21.03.2018","20,90","21,30","21,30","20,56","1,93M","0,34%"
"20.03.2018","20,83","21,04","21,37","20,59","1,58M","-0,43%"
"19.03.2018","20,92","21,63","21,63","20,65","1,33M","-3,01%"
"16.03.2018","21,57","21,15","21,95","21,11","1,38M","2,23%"
"15.03.2018","21,10","20,92","21,20","20,47","1,06M","0,91%"
"14.03.2018","20,91","21,62","21,91","20,82","1,61M","-3,28%"
"13.03.2018","21,62","21,83","22,22","21,24","2,55M","0,09%"
"12.03.2018","21,60","20,73","21,85","20,73","2,12M","4,25%"
"09.03.2018","20,72","19,40","20,72","19,38","1,95M","7,08%"
"08.03.2018","19,35","18,70","19,50","18,51","2,20M","4,03%"
"07.03.2018","18,60","19,10","19,25","18,13","2,10M","-2,31%"
"06.03.2018","19,04","19,19","19,29","18,51","1,37M","0,74%"
"05.03.2018","18,90","19,08","19,29","18,65","1,26M","-0,63%"
"02.03.2018","19,02","18,78","19,08","18,29","908,40K","-0,42%"
"01.03.2018","19,10","19,17","19,42","18,55","1,00M","-0,52%"
"28.02.2018","19,20","19,70","19,86","18,93","1,58M","-2,09%"
"27.02.2018","19,61","19,60","20,05","19,42","1,86M","0,05%"
"26.02.2018","19,60","19,26","19,97","19,25","2,02M","2,78%"
"23.02.2018","19,07","18,25","19,07","18,11","1,88M","5,59%"
"22.02.2018","18,06","17,49","18,06","17,49","1,52M","3,44%"
"21.02.2018","17,46","17,00","17,82","16,98","2,20M","2,22%"
"20.02.2018","17,08","17,11","17,21","16,79","1,80M","-0,23%"
"19.02.2018","17,12","17,05","17,14","16,89","301,00K","0,59%"
"16.02.2018","17,02","17,03","17,24","16,70","1,23M","0,41%"
"15.02.2018","16,95","17,26","17,54","16,89","1,18M","-1,74%"
"14.02.2018","17,25","17,05","17,39","17,00","1,78M","4,23%"
"09.02.2018","16,55","17,25","17,25","15,90","3,07M","-3,50%"
"08.02.2018","17,15","17,80","18,15","17,12","1,65M","-3,38%"
"07.02.2018","17,75","17,80","17,96","17,61","1,44M","0,00%"
"06.02.2018","17,75","17,05","17,75","16,67","2,53M","2,90%"
"05.02.2018","17,25","17,70","17,85","17,23","1,41M","-3,04%"
"02.02.2018","17,79","18,00","18,07","17,40","2,02M","-2,47%"
"01.02.2018","18,24","18,10","18,45","17,90","1,42M","0,72%"
"31.01.2018","18,11","18,18","18,68","18,11","2,10M","0,44%"
"30.01.2018","18,03","18,18","18,41","17,71","1,91M","-0,77%"
"29.01.2018","18,17","17,50","18,35","17,33","1,66M","2,37%"
"26.01.2018","17,75","18,00","18,10","17,09","2,08M","4,41%"
"24.01.2018","17,00","16,32","17,00","16,24","2,65M","5,39%"
"23.01.2018","16,13","16,20","16,51","15,80","1,83M","0,00%"
"22.01.2018","16,13","15,93","16,24","15,93","1,17M","1,45%"
"19.01.2018","15,90","16,08","16,29","15,66","1,39M","-1,12%"
"18.01.2018","16,08","15,50","16,30","15,43","2,94M","2,88%"
"17.01.2018","15,63","15,17","15,70","15,08","2,26M","3,65%"
"16.01.2018","15,08","14,80","15,30","14,70","2,06M","1,89%"
"15.01.2018","14,80","14,75","15,07","14,59","950,00K","1,30%"
"12.01.2018","14,61","14,60","14,70","14,30","1,52M","0,07%"
"11.01.2018","14,60","15,01","15,20","14,35","4,08M","-2,67%"
"10.01.2018","15,00","15,25","15,40","14,93","1,13M","-2,09%"
"09.01.2018","15,32","15,80","15,80","15,29","1,12M","-2,42%"
"08.01.2018","15,70","15,68","15,75","15,37","991,50K","0,26%"
"05.01.2018","15,66","15,50","16,00","15,28","1,72M","0,51%"
"04.01.2018","15,58","15,15","15,58","15,15","1,84M","3,80%"